,agent_k_invested_ideas_flat,agent_perceived_return_invested_ideas_flat,agent_actual_return_invested_ideas_flat
421,5.242736153517673,113.04893751203599,107.11612915724254
420,5.242736153517673,341.8931918963626,327.30545096043716
419,5.242736153517673,56.584905123400574,54.87383691001321
418,5.242736153517673,73.27750393682251,70.58453571223029
0,5.336376409283985,7.937621082301028,7.362433682807129
1,5.336376409283985,17.831605433545235,16.623834801828096
2,5.336376409283985,3.113171066918383,2.9119567748779502
3,5.336376409283985,222.41940747627086,211.55009547307964
4,5.336376409283985,99.92645156468643,94.26408971664387
515,5.690548704215939,19.721194680238114,20.642199987554704
516,5.690548704215939,11.750792875162006,12.334974603072624
500,5.837495046734936,8.525105669391849,8.720005578868626
499,5.837495046734936,4.0850780923506225,4.186322541724406
503,5.837495046734936,422.83537559878823,425.70233803175324
507,5.837495046734936,0.0,0.0
502,5.837495046734936,566.2236941746123,568.2530911501581
372,5.946662467225586,7.12760547303083,8.778923895290905
373,5.946662467225586,11.593324315341512,14.01597961371359
374,5.946662467225586,1068.71706607129,1007.7418222745364
375,5.946662467225586,853.2230211824926,811.8106894249377
347,5.971294323880343,55.2861374340325,54.44766137018766
348,5.971294323880343,45.27067595586098,44.67650436619212
510,6.230759039305725,684.4779883397068,659.5523467698235
156,6.338378721334649,11.652250943054241,10.211324270645491
185,6.443101227116574,29.79646031923039,29.562578626506365
184,6.443101227116574,23.587851366004543,23.411593136917872
638,6.5340033024011035,96.00711791449612,99.50240263898559
637,6.5340033024011035,241.98808274805378,249.44832732819486
38,6.589455138541349,27.953221049818467,27.70269724628494
39,6.589455138541349,6.253568308790122,6.201651734511401
485,6.713384558941251,83.92469854627052,91.59347873987463
486,6.713384558941251,56.44917243167947,62.24105141809014
484,6.713384558941251,22.266579956264323,23.984334169181302
483,6.713384558941251,10.002141966502684,10.858098923358163
677,6.717242564151063,46.015414795496326,49.35173659912107
676,6.717242564151063,85.34479430017018,91.01257068582527
293,6.869607162355255,27.608102007306798,26.634633083379953
292,6.869607162355255,32.68457077917523,31.40306151326874
718,6.886900663119739,41.01642805020913,43.3974174691117
719,6.886900663119739,7.708960714323609,8.118745331156106
224,6.950506395828101,467.45166178794216,477.56736059479795
225,6.950506395828101,412.5470626192773,423.13497799170955
139,6.9953379481902696,1.3663981160561463,1.145262177807787
32,7.000707149685844,66.60274412487009,68.9494884706388
33,7.000707149685844,17.086635818445345,17.51218304427472
399,7.120150308436492,36.993977463649685,37.84394757885235
398,7.120150308436492,57.90583016265265,59.45344755610648
685,7.216267265237566,37.058770694236955,37.92309391190611
686,7.216267265237566,3.781306790851886,3.8721939290880982
249,7.340950944986747,22.357067843384584,22.271440250254045
247,7.340950944986747,123.688218486947,124.32366634326831
248,7.340950944986747,292.1710449800695,292.0156603226103
741,7.42771761985217,288.5898374277813,285.36363640835225
740,7.42771761985217,946.1937881285203,926.8720355282549
738,7.42771761985217,21.333501520495446,23.174545287798622
739,7.42771761985217,14.317843720526213,15.446501434324887
630,7.438371536669193,269.71085726665115,270.2870547235789
629,7.438371536669193,493.54397971663275,494.68721577081124
628,7.438371536669193,177.6069914511736,178.0364731015561
656,7.447377650209337,39.39926729474064,41.863700932528445
655,7.447377650209337,148.93810346666578,157.30930396747317
401,7.503383867976882,56.74541965591101,56.98784216927805
593,7.511681517493418,14.293911615330323,14.428830409711239
594,7.511681517493418,25.53673991335613,25.75314446489469
665,7.5336062538904,72.93395059828617,75.17141768239526
435,7.5559005819115725,179.45996489112838,179.6514099351358
434,7.5559005819115725,157.89318039172156,158.3529584632405
757,7.620994555546979,16.628166294747643,15.770605683344911
756,7.620994555546979,27.418892286608752,26.060172528124895
708,7.649870871763536,10.071659663875549,11.324844306402587
709,7.649870871763536,0.9333877519013427,1.0275832409752823
323,7.666420535879768,5.7398610588167,5.321415625893678
322,7.666420535879768,21.40513867833687,19.752151019656793
591,7.668038774193214,413.8411240992873,414.7110950214701
592,7.668038774193214,133.46409584623143,133.93459382411402
727,7.753865836344636,9.0368445992317,8.870837398155345
726,7.753865836344636,44.877119442457115,44.08745174939759
449,7.764054089657618,25.378395430961973,24.161461066280026
448,7.764054089657618,41.69906408396491,39.80445594001867
9,7.784652225870773,145.66952907425184,130.2753609384108
10,7.784652225870773,165.9971742876587,145.6890211001919
132,7.825771406979367,7.189583891496358,6.72726839138495
133,7.825771406979367,16.40512288466885,15.44448577625191
443,7.873987962665338,292.597055548428,293.28604449737895
442,7.873987962665338,147.39341268179908,147.48361421365234
138,7.892855477165281,9.978272577011012,9.055692441987048
326,7.919757213716604,4.867656379507025,4.891865155359483
699,8.063440106122718,395.2755413956436,395.9230412607967
698,8.063440106122718,302.0265667555316,302.3258533335015
68,8.103015752042955,128.87528606701716,129.29806459936657
69,8.103015752042955,151.6347656053789,151.94885867193568
640,8.11464349965863,228.81907605419474,216.32004737028547
173,8.127269924567836,8.883046334472965,9.257192848228442
172,8.127269924567836,14.215943551987948,14.777960365388935
447,8.13360951718347,8.000721285216223,7.739437605292764
446,8.13360951718347,8.224459202350424,7.939334501716459
746,8.134576297002846,6.86152534320793,6.984902014802536
747,8.134576297002846,10.202499097116828,10.375223472446365
236,8.15118203576317,20.179620909935693,20.618194715865684
237,8.15118203576317,11.598887850183019,11.860749717987346
704,8.178014712867565,54.55456559141129,55.89733721697286
706,8.178014712867565,126.64254155318304,133.55167958174025
707,8.178014712867565,23.296063412584772,24.686089639553757
705,8.178014712867565,24.55866754087765,25.09878230959248
737,8.28384573147572,231.50450595133861,223.70231434676043
736,8.28384573147572,353.9424857055201,343.1835195241506
678,8.326151853772599,109.83396173033401,109.13435499084875
679,8.326151853772599,53.615358508875204,53.34396007974675
452,8.431410655469277,231.1166502586832,228.95635619134578
453,8.431410655469277,75.95262906116227,75.08157575258656
525,8.478279959651308,536.4091678105815,522.0284571203583
526,8.478279959651308,363.6052760369039,354.40101421964573
542,8.47852841385512,305.52317837445025,306.41387117750764
541,8.47852841385512,441.4665420733727,442.8996802895499
627,8.480801196253823,366.3637896361179,354.6776257538895
626,8.480801196253823,251.48158646935372,245.9838233930259
473,8.49169822994048,381.00993732010147,385.46445020151214
474,8.49169822994048,120.44252068505193,122.08474229493686
396,8.513594231838631,220.69078632437504,219.50060337229843
397,8.513594231838631,154.38398656595973,152.560034327106
465,8.52679123068815,487.1903847024296,486.3627355284061
466,8.52679123068815,541.6621548067624,542.7511304096115
295,8.556138479306913,66.46888488363092,67.72730890916486
294,8.556138479306913,23.377790057007815,23.898224676449857
552,8.586280653540149,382.3090387437751,384.28289225590925
553,8.586280653540149,717.1221987055233,719.5927153717676
554,8.586280653540149,37.6829613775526,37.7639736298197
477,8.6043916113368,510.58321835781817,504.240225422785
478,8.6043916113368,573.9490279675692,566.0110125271071
34,8.646808160936567,757.2946578247893,762.8273530985989
35,8.646808160936567,489.40831605237236,492.5981012505199
26,8.648667111918401,497.5016255373539,493.3067393962192
27,8.648667111918401,226.68850208846015,224.9746007525173
70,8.688121816148975,53.78102432598462,54.74237780734802
71,8.688121816148975,24.973938166989683,25.446612077259488
498,8.6910097703729,0.0,0.0
761,8.70023564560897,4.035882431717255,4.119911993841015
760,8.70023564560897,20.541624215329648,20.953654651710167
408,8.701398053616781,12.24903559754027,11.860216196640557
407,8.701398053616781,12.72877674374574,12.294168046346108
180,8.702578597592838,367.70660076062313,368.3159833185882
181,8.702578597592838,491.86168263890295,492.71034374911005
451,8.728025840303372,20.15690892407656,20.60588208711124
450,8.728025840303372,30.536699170465,31.181743508521322
365,8.728786748016033,263.60069409285234,263.69020081340454
364,8.728786748016033,184.37606621238115,184.36040805363916
73,8.733978745372012,9.3790762997196,10.526161345464061
72,8.733978745372012,20.751719603078527,23.174545287796718
165,8.762674287810903,16.775454489539698,18.698209095231505
164,8.762674287810903,36.34018075363383,40.3025464916027
168,8.764670951772048,4.548729559728288,3.8793925023495355
343,8.800892983819306,8.496982830142088,8.479500742970657
342,8.800892983819306,15.311404710685565,15.27824804350793
124,8.836259120749723,48.850661383570284,50.32229527500992
123,8.836259120749723,28.98245833910599,30.00506964767034
585,8.837835509872297,277.37319348801884,276.13747234558923
586,8.837835509872297,280.38491064235495,277.7706057648793
95,8.841864112912143,99.28300512480718,100.69995548765752
96,8.841864112912143,109.29410543653682,110.41373131128694
162,8.871816043366586,160.2848528875802,161.4824913422035
163,8.871816043366586,181.6782039957725,183.3070405071685
687,8.890404094718352,325.47083512493873,322.279583740617
695,8.890404094718352,0.0,0.0
688,8.890404094718352,737.5173516017571,730.2054092476023
692,8.890404094718352,0.0,0.0
143,9.022436007803876,43.91648313675614,41.2538298829204
142,9.022436007803876,46.337236876213865,43.6822576096929
614,9.023183303846633,87.69904009949096,89.47028621074605
613,9.023183303846633,61.191828534036176,62.32267120802135
358,9.052120817686305,132.02579053284325,130.6473368474143
359,9.052120817686305,9.907097862698663,9.825117398872862
361,9.052120817686305,0.6475512164797692,0.6101512028380967
664,9.06534415063579,119.50595397432517,120.8715605674588
663,9.06534415063579,104.18068550141106,105.23469092600862
672,9.087727262397127,50.8921099667059,50.503378443721886
673,9.087727262397127,67.82083547439834,67.26937406892648
30,9.137399950599562,39.96653408144448,37.091361210543255
31,9.137399950599562,37.677241187995605,34.80104562876295
660,9.1673508347507,309.15625221255686,307.37762147279864
659,9.1673508347507,219.20332366487673,218.28613829510687
88,9.172067514407319,106.14030558594914,106.09107165174123
87,9.172067514407319,244.92158484600577,244.85270542458443
86,9.172067514407319,49.81588838579887,49.81168244332457
690,9.222661264127407,28.95979009408424,30.32180475606529
693,9.222661264127407,23.593156577864647,26.595696278307514
694,9.222661264127407,16.499364970688475,18.775912227283698
691,9.222661264127407,80.0820061563104,83.2327218164813
487,9.277013175588953,50.32220539979011,47.419732996463125
490,9.277013175588953,117.33184702925246,112.09705806032434
491,9.277013175588953,36.584859036072885,34.77580427616704
489,9.277013175588953,8.593274138514843,8.22208171479
15,9.278495959171515,328.23170735433973,322.06323575043416
16,9.278495959171515,656.7581723440685,641.5036048422735
728,9.3069405863924,112.47018818779259,112.45446462708583
729,9.3069405863924,93.42138455121062,93.42041870536036
524,9.308369924790055,0.0,0.0
523,9.308369924790055,6.410272745482871,6.242791356335147
650,9.324897134121786,1.3659544048332464,1.294202872319147
645,9.324897134121786,56.81113492341501,54.89898486447055
646,9.324897134121786,27.183520169359326,26.212973572461124
604,9.374303460185557,68.32683370332052,70.81580160471458
605,9.374303460185557,32.92402877778659,34.241088438206134
427,9.42168313953582,5.333216760130437,5.505754817801392
426,9.42168313953582,4.859024464993066,5.026825646752933
575,9.478762216591273,245.20737401077713,246.64615891470112
576,9.478762216591273,617.7371771602966,621.1182075329461
102,9.49732246566389,156.23426115098482,160.21227899231417
101,9.49732246566389,151.15862402960738,154.39982178759055
345,9.55701599653293,508.9832232083545,510.4425614986312
615,9.563816651749786,84.55432247674594,85.42941267904757
616,9.563816651749786,176.44308165134976,177.27420724597732
618,9.563816651749786,143.67297688021245,151.80154368152944
617,9.563816651749786,222.01007006384134,232.31082902180242
411,9.592143495660727,80.52900489987837,79.65612578224477
412,9.592143495660727,134.7016829033435,133.6353944426358
603,9.668366889537657,68.47769304902977,68.85003449063697
602,9.668366889537657,104.41893548508051,104.93719774592682
601,9.668366889537657,27.200377716400908,27.325402564578326
455,9.72442061307873,329.46270778908547,328.3975694578712
456,9.72442061307873,83.3648657647459,83.04502686463115
454,9.72442061307873,68.02761552759102,67.85897304472974
520,9.754639950275859,500.57916763848607,505.7104113215437
519,9.754639950275859,428.3316419258226,434.1795188827973
579,9.841737989276066,121.17357169970046,121.1269380263168
578,9.841737989276066,34.66416316137679,34.646759273404314
471,9.955206179865705,57.3512921477959,61.66876762492575
472,9.955206179865705,14.675273109301997,15.850015087875363
583,9.958512221152013,463.6055303867506,462.8880555118312
584,9.958512221152013,197.11991170049714,197.3813749326555
296,9.971375050101702,0.0,0.0
258,10.099466043077452,236.01594926304665,235.3755576748622
259,10.099466043077452,164.2066070805738,163.68062394532308
19,10.135588100025467,28.780049505948114,29.30273963735482
17,10.135588100025467,3.670949710602514,3.751845754945151
20,10.135588100025467,16.253613043316363,17.325602881117447
18,10.135588100025467,44.860969149306214,45.7806096878692
333,10.224308136461266,1.4512804167025095,1.5938150699749016
332,10.224308136461266,9.70468114325367,10.708092045422546
311,10.2354656507975,8.164232446333699,8.107359340057883
377,10.30111765104816,111.55517916000099,115.17349369707881
376,10.30111765104816,80.16989677791935,82.5140785073454
468,10.322589860020582,237.00371879173508,234.82433925001533
467,10.322589860020582,177.65199380466765,176.36768143413974
633,10.355152415780067,222.81504911876345,222.22663607562026
634,10.355152415780067,427.5202651812815,424.4754015489907
232,10.376404764035714,25.823533223077817,26.496598809841913
233,10.376404764035714,2.605945669491888,2.670041673567482
106,10.386654533184172,72.73241100113773,72.81845309484015
105,10.386654533184172,98.78904978270475,98.89437093598463
279,10.509849633377042,40.16846946484172,40.48164134528042
278,10.509849633377042,14.573552777752425,14.701359489450667
404,10.563446770655185,0.0,0.0
403,10.563446770655185,88.04581811689604,84.36009220574488
402,10.563446770655185,32.23008736788506,30.976539743194735
277,10.594628640622531,0.0,0.0
54,10.601793652561087,196.35065884861615,196.1961890275943
55,10.601793652561087,186.50317762770374,186.90639181029292
533,10.698882898004616,505.74811506600963,491.2159550802012
534,10.698882898004616,1025.4477546834105,999.1723861224491
535,10.698882898004616,150.91324573363545,147.671626000817
352,10.720704478330541,206.3307205816127,196.48530468113313
354,10.720704478330541,154.11939737310058,148.0618270243658
353,10.720704478330541,778.295739760114,744.1562596148233
23,10.737189691959697,167.12396487065962,166.99245934339888
22,10.737189691959697,270.4786118441607,270.30855691102624
21,10.737189691959697,1.0770033491077982,1.0754671011517267
310,10.75676410930128,2.1071782825735585,2.11095055864304
383,10.760371014993055,337.3214325044446,339.03974851545627
382,10.760371014993055,168.91931213508724,169.22026499225922
540,10.778970894706354,231.60856544097805,234.08044842093477
539,10.778970894706354,293.0743728666457,294.9697294915559
641,10.779383746144134,20.601108456344903,19.32128004805577
642,10.779383746144134,34.4635786879262,30.588920456384585
713,10.857738720368184,14.532596480839857,16.211638968981788
712,10.857738720368184,28.451642973737762,31.588079447457858
131,10.871515237976983,404.36038024788104,409.2131645730951
130,10.871515237976983,219.51796834765446,221.27391720790547
632,10.90396529602824,572.5791065263238,573.2450265234138
631,10.90396529602824,279.1074058987642,279.5738067433185
745,10.911712201419165,470.822831045929,470.47207436844474
744,10.911712201419165,193.75286248518478,193.38900899274813
91,10.92639251749943,260.6867962432534,256.92885820309857
90,10.92639251749943,32.420775435781366,31.988424421687824
92,10.92639251749943,94.78161997183634,93.15887874814325
89,10.92639251749943,26.338691427477315,25.947234874484252
572,10.930935617941223,106.76277032155491,105.37326669920083
577,10.930935617941223,0.0,0.0
571,10.930935617941223,37.49072034413069,36.88784451550811
546,11.034513445237717,4.8025497754015305,4.620474561763658
545,11.034513445237717,19.142790914273462,18.376958016578087
153,11.036615045864346,8.785019549691702,10.717387971483133
64,11.09049491708356,399.15341946517583,428.1062182040696
63,11.09049491708356,118.77155307443388,120.96372962984242
62,11.09049491708356,118.96304131433328,122.45800641175754
65,11.09049491708356,134.14879114658288,146.9577738868993
750,11.101290408357285,255.7131435690285,253.3508909733573
751,11.101290408357285,313.0575825972296,310.0706263059765
319,11.113458275289572,12.915305766576637,12.849040132368685
318,11.113458275289572,26.039254861181234,25.89599802666072
566,11.154222335215131,276.54441431299847,280.32955395500994
565,11.154222335215131,241.82964245142398,244.20118376410232
461,11.206146829516841,362.730233173289,362.89261558126054
462,11.206146829516841,668.5020588506095,668.8012346984328
658,11.234430729618875,10.721771913216799,11.547068784635485
458,11.24432444231296,455.77054796707125,456.0053280970951
457,11.24432444231296,245.8023288347149,246.90711285967336
386,11.34690053430716,37.09791617061674,38.308838462633275
387,11.34690053430716,36.055043106409585,37.091361210544875
182,11.35078193097391,9.201538987040678,8.871212792106036
183,11.35078193097391,17.277511585356876,16.688755575593262
77,11.41776119730252,87.21675851862437,89.77098704848504
78,11.41776119730252,560.0497541232708,574.809024841421
79,11.41776119730252,292.4644288211084,298.69041544234096
117,11.4203168018132,333.4346925281202,337.12895174852883
118,11.4203168018132,748.6075766897238,756.9276425967682
543,11.442076293439943,165.24576566466567,165.64817933387712
544,11.442076293439943,239.85279829826686,240.31727836211394
765,11.443853998525492,20.814764760940307,17.713452617885196
764,11.443853998525492,31.96746876517136,27.390578030373945
159,11.454583303426263,11.753394922186999,12.033595379853068
266,11.509399457014087,26.916962181678173,30.792734355722132
267,11.509399457014087,8.281953645759131,9.544680197042908
80,11.509812527307018,150.17918360636963,150.19037384881938
81,11.509812527307018,261.7017074688872,261.61985347330915
300,11.513595098594879,96.96347994024188,101.15782555738667
299,11.513595098594879,23.785062255269168,25.029538478362213
480,11.542037030624723,124.87749194626122,121.57193334390183
479,11.542037030624723,28.199233705353606,27.258794333846538
273,11.66181027976478,435.71686808560344,424.8993356254323
272,11.66181027976478,93.51659400675317,91.2080698191312
416,11.722959274458663,500.98713311901065,514.5427325585524
417,11.722959274458663,176.96735878717118,184.42704977818903
414,11.722959274458663,462.40611836836433,442.8152207132307
413,11.722959274458663,36.512829970414714,35.03994544636771
415,11.722959274458663,81.20320611166062,77.6217304269735
251,11.744788538768034,390.35307468079463,383.44580837641934
250,11.744788538768034,323.6642110204889,318.25381062985616
199,11.757593382873434,124.0517003642376,123.9537223256948
200,11.757593382873434,325.94491160923417,325.67695355017395
11,11.790693257171517,270.9382913946529,273.4886819524354
12,11.790693257171517,645.2863923889322,651.4218446841546
192,11.82371583558614,20.20165846081295,19.89029304431915
190,11.82371583558614,17.201702424620407,17.041022249831258
191,11.82371583558614,222.83761372829372,220.10356731544312
256,11.829098948013872,163.21443248127434,165.24562550197425
257,11.829098948013872,191.29297746929387,194.53117685483176
243,11.829884846490076,23.928904913569568,22.962996102320176
241,11.829884846490076,510.49257860597027,514.5200204923221
240,11.829884846490076,114.27375074309748,115.04352535632052
242,11.829884846490076,32.138508377132894,30.93037508926136
339,11.835673130856984,12.407760218615294,12.055017596303514
338,11.835673130856984,39.695413865934825,38.635650002685
337,11.835673130856984,62.10656447536445,61.806291202236764
336,11.835673130856984,54.249312019376816,53.93158168390056
496,11.842437673485628,3.1014467439642104,2.831113350269419
497,11.842437673485628,11.74401566726981,10.781570275555374
504,11.842437673485628,0.0,0.0
501,11.842437673485628,0.0,0.0
56,11.850132198259947,38.82855546297071,41.287504562563356
57,11.850132198259947,53.418955164335614,56.345928425870056
351,11.859715240943935,10.676170370439138,10.69311109192347
349,11.859715240943935,7.690911896567968,7.705619788780183
350,11.859715240943935,45.84017632350131,45.91975513574778
555,11.864526394222988,13.400747490573849,13.33555160389551
556,11.864526394222988,35.2111435913921,35.03077139662673
488,11.892094232449038,21.885658201741887,22.733979255739
527,11.907852915844925,36.72368652640603,36.68062160665693
529,11.907852915844925,166.19444220347737,166.17615935889353
528,11.907852915844925,158.3844872730051,158.2698649346247
492,11.916350328751124,12.942824019692516,13.898959672520121
493,11.916350328751124,13.875336683141043,14.813724191054462
494,11.916350328751124,27.142837896017227,30.411813331138546
495,11.916350328751124,7.830162823034698,8.851104476165347
346,11.936986776419444,3.5814031864095988,4.00874019823906
388,12.025805102707658,15.588916702172511,16.24456971315
391,12.025805102707658,39.964152406604626,42.65383653099889
390,12.025805102707658,82.41273103305684,87.36278738048168
389,12.025805102707658,34.69824332904561,36.01005858407606
280,12.087118884415908,240.76138420205552,241.42828000998384
281,12.087118884415908,489.7586945656674,491.8405535539757
730,12.093904619888212,292.1201160666942,292.5781668398113
731,12.093904619888212,239.26067939110726,239.59639541248725
732,12.093904619888212,334.2839161512529,333.34358086429893
733,12.093904619888212,77.20068123512283,76.93699231305254
393,12.11465317025201,58.62073259088686,59.15835642591367
392,12.11465317025201,103.54822833988749,105.10101996819662
6,12.186955125066632,21.563021129457752,20.981577401016054
5,12.186955125066632,10.774838740347562,10.461491877057625
8,12.186955125066632,19.125922674862522,18.184574066541245
7,12.186955125066632,45.81998320117964,43.72135648962285
459,12.208499353395926,89.37675378438234,89.46406535570384
460,12.208499353395926,252.49233102147855,251.41814259285604
754,12.243566781523917,83.75414492239906,85.13655154413755
755,12.243566781523917,102.99829852365474,104.88993028145524
119,12.287155196919995,226.05049872935888,226.6183700831457
120,12.287155196919995,540.3291142849439,541.9242303662654
274,12.305466788643841,2.9046641879295407,2.738379995933059
275,12.305466788643841,14.692164620141071,13.885815183900078
276,12.305466788643841,1012.1662017945264,1015.6275878413935
636,12.338446679580619,47.675449921024864,48.87081881714582
635,12.338446679580619,12.554022571878562,12.903029917875358
210,12.409451371268263,191.2303430137598,189.26286152060493
209,12.409451371268263,150.40335499431103,146.95626823658824
206,12.409451371268263,9.557679624770579,8.18958858253032
207,12.409451371268263,12.611216474613045,10.940512807168794
205,12.409451371268263,1.7685313941471676,1.5004353047610515
204,12.409451371268263,6.108447577252431,5.149520072647061
203,12.409451371268263,22.618100012157264,18.172708492048386
208,12.409451371268263,3.40000201818723,2.969872771005832
211,12.409451371268263,50.301950592556864,50.13425355855804
518,12.478367857159606,361.86950864296887,361.75987688574423
517,12.478367857159606,259.2895249361518,259.0372582438313
611,12.51324363771317,437.8933688746288,427.1186724965164
612,12.51324363771317,795.0068556951774,774.8315214722697
83,12.58352844941941,632.0340265534651,633.1617926038934
82,12.58352844941941,408.3166111969249,409.29838933313204
149,12.616090456135433,662.2131891009167,662.5891418498213
148,12.616090456135433,330.3940944809983,330.6514299792361
625,12.670591249509407,870.8416635664835,873.0621579133349
624,12.670591249509407,269.2971365865915,270.229251848079
329,12.683910159314856,14.641960477175331,15.270517473574913
328,12.683910159314856,71.63223298185545,76.01584301508177
177,12.8059418569114,117.2338122760246,120.00112006526729
176,12.8059418569114,25.493236176994685,26.237822588433744
304,12.86243916238531,244.322098988775,246.64615891470112
306,12.86243916238531,67.56528196267573,65.04326437738564
307,12.86243916238531,40.04393916332083,38.40879750640852
305,12.86243916238531,595.1384714885535,599.8744444750782
511,13.065304959506845,83.22417135949968,82.44032462723499
512,13.065304959506845,169.70255542986342,168.86214176874876
226,13.131447726196543,101.12672851013815,101.1630999310679
227,13.131447726196543,159.83138884862524,159.9554667462362
157,13.133365912501182,4.165203145722373,4.706463505392961
158,13.133365912501182,19.142521084982945,24.046276578766992
716,13.197288113485225,384.9331958484836,384.1155300045833
715,13.197288113485225,25.173671171176096,24.799644323159555
714,13.197288113485225,29.036953219094016,28.56741254994037
717,13.197288113485225,39.568625220973445,39.584662804263985
429,13.270993545465263,65.05194053225449,68.17538150444807
428,13.270993545465263,42.02864994688258,44.436421388932416
324,13.31994614206857,7.8786655402024195,7.820977038470716
325,13.31994614206857,3.837435986871384,3.8104956805543893
743,13.338488175489623,34.54993457857563,35.769203098599974
742,13.338488175489623,31.3689861801613,32.43289328671017
128,13.388349662127252,13.762565902528877,13.304691320703569
700,13.430844314259492,214.93108846267478,214.78363028012154
701,13.430844314259492,365.61190118221384,364.577493593657
41,13.442657296570626,21.880092196450278,21.43021081977713
40,13.442657296570626,82.44008714673328,80.82767898569546
43,13.442657296570626,2.8509939366358594,2.728897315035283
42,13.442657296570626,35.7384477843334,34.28764991695061
186,13.569200224060848,37.37257710334279,38.0772855773198
187,13.569200224060848,478.7413329861715,488.4629672462829
476,13.601812841356786,143.40856709491527,150.78679047720834
475,13.601812841356786,122.35164574764349,127.80515210616795
482,13.618695136971029,481.5387535002874,478.3215887443175
481,13.618695136971029,71.06419038706008,70.88083904355062
50,13.667020187168468,100.53848934461712,100.51627842676317
51,13.667020187168468,267.7138995529276,267.63846510732947
445,13.967756735074762,250.90512357945317,249.90561248884842
444,13.967756735074762,167.84172723460142,167.69880617641866
550,14.024677743309677,1.8138639647731907,1.5500322023854096
134,14.076212855354235,9.035367291429793,9.362809996480792
355,14.082250687473994,8.570300215103998,8.512900643296234
356,14.082250687473994,91.01371577074497,90.36856350069684
357,14.082250687473994,37.44008908521937,37.151334065965784
252,14.09085634599549,57.917421168524015,54.373605251746994
253,14.09085634599549,90.32935744542192,84.32842589646498
662,14.11054290678614,19.19859084182015,20.602121107368106
661,14.11054290678614,20.892305680019653,22.613002911298707
657,14.11054290678614,31.914984063338654,36.017993479885824
514,14.18205458991657,36.84955335783701,36.32327608642373
513,14.18205458991657,15.039016397436171,14.801451882387397
178,14.229262589521687,51.18361545480002,52.21654991361356
179,14.229262589521687,614.0990896276089,625.539397715027
409,14.264281098668322,45.83690505220147,48.82829611760826
410,14.264281098668322,90.4873133026249,97.00935120141003
422,14.322132913676283,150.9205355428412,149.39841878337938
423,14.322132913676283,573.5849562277217,568.0395444279047
549,14.362836771361797,2.5605156634883315,2.5922313686933194
551,14.362836771361797,0.8067359709220909,0.8168408915717009
25,14.363902526731874,57.56614557870921,57.88414271026397
24,14.363902526731874,60.969923804869836,61.38393321634226
464,14.393182820305656,390.10081985045144,386.01424841408334
463,14.393182820305656,120.47418204131759,119.65375809109628
580,14.505902603222417,0.0,0.0
44,14.612445322777479,138.21881604643522,138.7451948799294
45,14.612445322777479,59.07858210320569,59.3418338889569
590,14.617905626419631,223.37639069119223,223.3548796861205
589,14.617905626419631,294.59111750091097,294.5643730525462
219,14.629694707976718,2.2233173152678845,2.5804336658861438
220,14.629694707976718,706.1467991778022,691.9012730153149
221,14.629694707976718,314.678773305498,305.96802006037433
218,14.629694707976718,11.313017377559895,13.606455574992342
48,14.644062822056577,104.9162367696481,92.4236676819055
46,14.644062822056577,19.924455412227985,18.785505035717335
49,14.644062822056577,58.61282467856472,50.80145305503174
47,14.644062822056577,91.41330669233685,86.96673599101845
147,14.654329968175485,106.4467229856532,104.34148874154653
146,14.654329968175485,31.552841870308157,30.790629540214297
327,14.684379126854745,0.0,0.0
331,14.684379126854745,26.970142805032083,27.966854768110352
330,14.684379126854745,182.83281906415505,188.9219255718308
581,14.694405805598095,4.8064116379156445,5.429323579693612
582,14.694405805598095,4.211830582969771,4.733817739748417
125,14.798242543072979,11.875543810563613,11.204762377536099
127,14.798242543072979,8.614589678980337,8.06169010044141
126,14.798242543072979,86.27417384416731,81.07749542544661
188,14.801239300689977,34.960507411632534,33.96203524408202
189,14.801239300689977,400.6650358076163,388.85453212543644
406,14.804352308123212,33.575588393404644,36.668344600703165
405,14.804352308123212,19.75958470452825,21.766110566220192
94,14.833543346984271,107.89119200742971,109.83005609090833
93,14.833543346984271,61.54504768597326,62.55917780526397
505,14.876861357527583,77.69287848777913,76.96983086410273
506,14.876861357527583,418.68705360937565,412.89128588332187
748,14.97048886050802,6.731108044595032,6.956141002725133
749,14.97048886050802,42.36702057173474,43.6744378344151
75,14.983064687881352,26.761822416672032,27.754096975709558
74,14.983064687881352,16.309706643032257,16.96220454881876
532,14.993817114510943,149.15746527571264,149.13230269125688
530,14.993817114510943,226.1412549804595,226.10078583647874
531,14.993817114510943,962.9414927591993,962.7700405554042
734,15.073376290581189,5.010964782270435,4.942926128535461
735,15.073376290581189,9.058811887236104,8.940091631051317
430,15.109620121665447,13.832146561415698,13.732037700733699
431,15.109620121665447,36.73139905822042,36.489586943087644
432,15.109620121665447,566.9900632792596,565.3636661079418
433,15.109620121665447,261.09988731004887,259.9265003255332
201,15.25286031391193,163.5085757635261,162.86125353104762
202,15.25286031391193,100.41413125179133,99.93044489529893
620,15.321892909850938,44.765938474844006,46.74613812034113
619,15.321892909850938,78.70285264753329,81.91570563534333
548,15.322181090426053,101.59450727727926,104.28601544217236
547,15.322181090426053,251.95924286336503,258.83197122955335
380,15.345379348845391,60.433946581984856,60.06124689218632
381,15.345379348845391,418.32182305121614,415.55236677413313
223,15.354978635776364,390.7189864847487,397.83743208000215
222,15.354978635776364,304.29962185779823,311.4056969098092
290,15.459151588302188,676.4086582943992,675.3736526351113
289,15.459151588302188,19.785927666457923,18.421508318391012
288,15.459151588302188,1.8960736141424945,1.756565222904392
291,15.459151588302188,552.7064465088761,545.8716594404641
246,15.56225252525259,74.78411783516322,74.91048678218476
244,15.56225252525259,30.948042166099867,30.987222593292017
245,15.56225252525259,476.8517629577109,477.56082627024125
238,15.650363562939075,72.90698224821335,72.9325261458307
239,15.650363562939075,210.2648226909796,210.71103121022043
214,15.703805028723709,7.195774644849067,6.828700439270563
215,15.703805028723709,17.23313440867358,16.410103774516372
217,15.703805028723709,526.5810005049452,534.7733613810051
216,15.703805028723709,1107.8628983329581,1128.5249429623864
469,15.707261073658422,31.46304546529427,28.978362669333364
470,15.707261073658422,28.345673228195665,26.021611381109324
335,15.718778946900859,373.9540746716898,369.7787294652203
334,15.718778946900859,177.09188556284425,175.18573194234386
562,15.727739087096703,16.82382356796188,18.329918276818717
561,15.727739087096703,12.805405739974958,13.902772712719525
599,15.742357628729065,199.40691708147767,200.3224392274318
598,15.742357628729065,14.0246138124553,14.018673692255902
600,15.742357628729065,103.3574295961655,104.49522120778192
141,15.821809980034132,25.012724896316627,23.931681324773223
140,15.821809980034132,6.0001046043991835,5.7242490674862125
136,15.857708838294535,3.9083699120737343,4.430123138812352
129,15.89053325947056,8.548507884583415,8.37656121089907
654,15.900913674232802,83.74983999830079,83.66957321398331
653,15.900913674232802,95.12131821398202,95.11658845135298
84,16.03000898708446,93.54551072177946,94.4430269359109
85,16.03000898708446,270.0684444377471,273.6658592601416
212,16.069074654186416,195.55038172068635,192.9030123883349
213,16.069074654186416,414.38344903450115,408.50938230052725
99,16.13206836160635,12.661829548044155,13.133695151967691
100,16.13206836160635,4.159060577108816,4.28178498529641
344,16.215479835621384,217.82051047667164,218.82174709259607
697,16.22908976915261,664.9470237977248,654.2025378941307
696,16.22908976915261,196.61097500781761,193.4152637764505
303,16.239107179323444,138.10412118657666,139.14931186227153
302,16.239107179323444,35.6865073150538,36.05075244274053
652,16.294368167632232,22.132481936692784,21.49475544193774
651,16.294368167632232,24.158027553752618,23.48603770082991
385,16.480839731176687,21.258091040985164,18.767406472325092
384,16.480839731176687,15.008712203054529,13.305948442617591
115,16.57650526591724,3.22602765736832,3.338270105773802
116,16.57650526591724,53.21121384698114,54.895835464063765
720,16.610459332057697,152.52044580405254,149.58004269371304
721,16.610459332057697,50.812730567950894,49.853366894079045
573,16.614258136045514,46.50025429917878,46.72341321922613
574,16.614258136045514,615.8716479132063,617.722506272069
588,16.70049942883903,345.01061846879384,344.3001107569007
587,16.70049942883903,39.99298667018411,39.827070463284144
689,16.849557110406955,0.0,0.0
753,16.969061356448908,166.6232475611173,168.79008883354732
752,16.969061356448908,22.594650150884263,22.847276457721136
557,16.980581240489922,2.3144700632573745,2.394651526474007
558,16.980581240489922,42.69810937556164,44.06622704286437
560,16.980581240489922,542.4945428230094,541.1037420913863
559,16.980581240489922,641.0971394291873,636.2544748805731
109,17.108028479392438,195.5830929232793,194.50774095775637
110,17.108028479392438,282.5308279802525,280.79324609948844
400,17.151043426639,95.48083593925895,92.70311144275858
161,17.380291503479757,11.531026228291871,10.576962529755797
160,17.380291503479757,33.80267796355329,30.134897090901354
154,17.409287108476086,204.0499428620319,205.37838352260724
155,17.409287108476086,172.57773201595955,173.7674753571805
623,17.430445474211112,38.21287061626708,37.619317101112756
621,17.430445474211112,31.907448480178118,31.509039169786774
622,17.430445474211112,558.7092464598209,550.8440373374779
674,17.600857452776435,1.5069310218893683,1.8778305771812214
675,17.600857452776435,4.529801933864732,5.590805173261614
363,17.629898854152824,11.253085779197136,10.899171413333534
362,17.629898854152824,361.406191939368,351.8659599503753
360,17.629898854152824,3.0190671886988873,2.856633028514082
379,17.664672410849537,263.27038279473607,263.38661988917124
378,17.664672410849537,32.51332656453735,32.502467608539064
271,17.74052588010516,22.15682284699392,22.828094315071866
270,17.74052588010516,4.178210768943217,4.31000909941929
711,17.913712487158005,269.82063046448366,268.779439226917
710,17.913712487158005,138.70832901096674,138.0650999077161
649,17.94955233172301,22.336777997630634,24.171343953836185
648,17.94955233172301,154.17554578446743,152.36427182596594
647,17.94955233172301,29.770198650489647,29.43971061868342
522,17.999171519488453,182.99681986741814,182.99761033595075
521,17.999171519488453,15.13735895144498,15.154623055896991
424,18.015186996081397,193.58713785412738,189.64773466576798
425,18.015186996081397,458.7951434566726,448.7662341939126
369,18.04423348288115,76.60231169269846,76.54431183887777
368,18.04423348288115,4.669950294180381,4.6659773305756005
371,18.04423348288115,103.33846874267692,103.1715824276398
370,18.04423348288115,153.0899887591222,152.87719312393165
144,18.277742795474484,245.3776200458733,245.90016331222068
145,18.277742795474484,193.23385879104717,193.33425425641963
262,18.28357359279743,24.56737274035664,24.612881228080568
264,18.28357359279743,639.9169303750059,640.0830834070539
260,18.28357359279743,2.4003449339458953,2.4053852226108816
261,18.28357359279743,6.153682232142572,6.166232191180626
265,18.28357359279743,177.7580447323362,177.84770562427911
263,18.28357359279743,10.5677073933292,10.585577833633693
508,18.3554064980146,14.36078904587339,15.848399030770452
254,18.35924921418353,27.008273741808125,26.98155282532889
255,18.35924921418353,257.4588104892596,257.1821631257367
758,18.365860470086282,14.839437943983711,14.776462974356605
759,18.365860470086282,16.003832615883255,15.93978998414866
509,18.37142825308768,11.34079711356496,12.671121656179196
53,18.512066558429307,612.7287244458421,587.710463499332
52,18.512066558429307,156.62763294691285,149.28135059769738
308,18.78158920910711,12.224490839189343,12.293738537143213
309,18.78158920910711,198.82757047432028,199.4761687492553
104,18.810147645159468,305.0658072348742,301.31941230288885
103,18.810147645159468,66.12352391161039,65.60230617432444
13,18.879326046535407,21.383089768114587,21.424095073687113
14,18.879326046535407,414.9484085945571,416.2513050430207
76,18.920223796060576,35.77838054762833,36.51647631873129
269,18.959524471892244,223.5149325769171,224.4110271658601
268,18.959524471892244,282.38929967539934,284.2796881692957
367,19.064146928608913,607.8979215554918,618.038212526184
366,19.064146928608913,46.7104296990492,47.54127476169742
341,19.137784642539582,41.854246665424796,41.07546825610166
340,19.137784642539582,12.727614697792603,12.467909697483435
36,19.27534415801226,66.36338464121309,66.56457000339651
37,19.27534415801226,222.86699792752756,224.00537842413792
283,19.34222334751995,140.73382696896658,142.54660335397978
282,19.34222334751995,20.341605893137285,20.668975973362876
98,19.345935519381037,278.1847843901505,272.349397644575
97,19.345935519381037,25.868055089330028,25.40320224985294
595,19.376080941792083,29.681067076073305,29.75848005894295
596,19.376080941792083,349.586088383081,350.75758233641864
597,19.376080941792083,71.48200387370161,71.78574523784664
58,19.39512652829388,13.995465483240082,13.969674574274109
59,19.39512652829388,14.257955155611057,14.23331146302121
60,19.39512652829388,536.7474741647397,538.7066870967153
61,19.39512652829388,191.18075690416026,192.02484081493822
321,19.46150271453269,127.76569583336277,128.4782328194351
320,19.46150271453269,43.188940743826606,43.46111281116373
725,19.473437327338026,93.47280176653294,93.11441008588918
722,19.473437327338026,2.5153653037023957,2.5347754485592304
723,19.473437327338026,2.562137789849885,2.5817287881566813
724,19.473437327338026,852.0796225947961,848.7746212581915
644,19.520432000095944,17.894293635507438,17.515115241086562
643,19.520432000095944,5.747940374058203,5.622127407893458
196,19.52930669247417,237.0704989295782,237.06239803267
197,19.52930669247417,10.706939433395746,10.631298566417172
195,19.52930669247417,40.91882144121246,40.92209897895373
198,19.52930669247417,5.099593611908858,5.061767273246005
193,19.564070489728945,50.6418986379872,49.906177873727756
194,19.564070489728945,468.287405209157,461.47530055144716
671,19.567197785180067,41.3086533501143,40.72763243299079
670,19.567197785180067,9.841217979994212,9.691885578260667
297,19.579985849812303,22.957893205359824,23.051731312926222
301,19.579985849812303,0.0,0.0
298,19.579985849812303,348.38285497082416,350.0494674335805
702,19.736736322102978,47.08362238076552,47.486396720514676
703,19.736736322102978,35.722325218121114,36.044058038534786
639,19.742336571704524,49.38774658857528,49.80355172123927
538,19.920344568033187,100.82054362562394,100.5864586160668
537,19.920344568033187,129.6863301441167,129.243129246494
536,19.920344568033187,8.139684580575818,8.105728035047889
228,19.931342387097967,37.210938505893864,37.18543604525166
229,19.931342387097967,352.0289342151227,350.9796900010688
231,19.931342387097967,10.834721651113796,9.938010902029419
230,19.931342387097967,25.63763112023844,23.648790679590093
395,19.98887631812027,58.143558259001566,58.29969939237617
394,19.98887631812027,13.960910676968638,14.009257335326083
569,20.243268774995546,6.513400709632435,6.7572675662361235
570,20.243268774995546,73.20517585055882,75.65166792958439
441,20.269669648201738,135.54465354348474,134.8046605620301
440,20.269669648201738,10.975500367440077,10.899171413333306
121,20.35293675661524,46.53066525266877,47.18047792895959
122,20.35293675661524,337.32005792036034,343.27135057551277
567,20.382076594617743,4.280248076670745,4.219507997378258
568,20.382076594617743,47.26005788811182,46.6363149424117
313,20.41032775636362,79.42196342362695,78.25186150276204
312,20.41032775636362,13.985668917983276,13.788576267068493
666,20.442529553525624,3.0097526773983816,3.100117217807764
669,20.442529553525624,64.84635799471141,65.82876099131249
668,20.442529553525624,87.43441134656013,89.07788520131709
667,20.442529553525624,9.37120828342114,9.646762972962705
108,20.773270195058593,212.814910860307,211.83200058092166
107,20.773270195058593,19.634478107711857,19.574218804236807
28,20.816836463453505,47.03807668816171,48.01557873927868
29,20.816836463453505,278.51800735800134,283.8326391400151
763,21.027482179634895,56.221192374903694,56.210765477015
762,21.027482179634895,18.193389718675007,18.19084045299269
684,21.048571566761265,38.32469871364265,34.75745616164022
683,21.048571566761265,179.0510894819148,178.3681821830396
682,21.048571566761265,14.60187638384275,14.501023216382919
170,21.07448010909449,47.832198048251485,46.86278060929817
171,21.07448010909449,337.30681030999585,330.6106492065801
167,21.097961156851348,203.3790721344801,206.93841899437507
166,21.097961156851348,27.625083384800973,28.062697149769292
169,21.097961156851348,3.741001768368733,3.2146294907361153
151,21.146551001299464,44.604995172186804,41.20830102915926
150,21.146551001299464,6.495189302656954,5.954598123927369
152,21.146551001299464,18.794352343446008,15.435114914374935
234,21.238422046494804,13.426009086208069,13.630814599420773
235,21.238422046494804,13.196060117983507,13.40003354498549
287,21.485350913421485,721.9510711848325,724.1674513571306
284,21.485350913421485,1.9906289151655443,1.9585922861373462
285,21.485350913421485,26.960868270416015,26.550204996672804
286,21.485350913421485,780.0206271910238,783.9654247521576
315,21.589975914341224,44.5966950997057,45.68630015676132
316,21.589975914341224,483.19370772304865,499.1949128501401
317,21.589975914341224,108.30756277381806,113.15569084580056
314,21.589975914341224,8.383975905429168,8.605206579387755
564,22.148682534458622,63.568974547636174,63.50524710841165
563,22.148682534458622,7.3092735732849405,7.301183364784663
66,22.223635209351745,22.484910380868314,23.199855511407804
67,22.223635209351745,205.4630719968427,212.84226076326922
137,22.413601044952856,13.035498735588988,13.108678846512419
135,22.474887790642413,0.7297259955448681,0.8225797517625324
113,22.534976002989445,162.60748297733699,155.7669934136229
111,22.534976002989445,1.7352265250003427,1.6580833830820865
112,22.534976002989445,15.078178525874051,14.43037269257708
114,22.534976002989445,101.40030061530888,96.47806658322224
174,22.54606415897938,44.728287182041186,44.88736312718356
175,22.54606415897938,615.5009030134861,617.7793299776299
436,23.89439432655343,2.7058643055559912,2.629526502614965
439,23.89439432655343,37.47557361282634,35.435673586678604
438,23.89439432655343,57.748714917157486,54.86917506286409
437,23.89439432655343,23.497966519974312,22.863042757626516
680,25.458167265551314,12.358960439016414,12.320900176771374
681,25.458167265551314,92.26158792047477,92.0404377698294
610,25.988895991433388,76.35233190477811,73.45432244827316
609,25.988895991433388,285.8736891135304,276.6913306806764
606,25.988895991433388,3.53596763048256,3.395693902141602
607,25.988895991433388,43.319224961252104,41.71373637886367
608,25.988895991433388,357.10303919341095,348.78537608971055
